i,start_time,deployment_start,deployment_end,pod_start,pod_end,end_time,total_time,deployment_time,pod_ready_time
3,1736063086738177000,1736063086751299000,1736063088971054000,1736063088974697000,1736063089592236000,1736063089595117000,2856,2219,617
7,1736063086739387000,1736063086751951000,1736063088883751000,1736063088888196000,1736063089651185000,1736063089654004000,2914,2131,762
2,1736063086737977000,1736063086751328000,1736063088938694000,1736063088943607000,1736063090594583000,1736063090597952000,3859,2187,1650
6,1736063086740407000,1736063086753269000,1736063088916087000,1736063088920102000,1736063091708474000,1736063091712242000,4971,2162,2788
8,1736063086740926000,1736063086752789000,1736063088909412000,1736063088913809000,1736063092645423000,1736063092649443000,5908,2156,3731
9,1736063086740967000,1736063086752027000,1736063088878809000,1736063088883751000,1736063092645423000,1736063092649470000,5908,2126,3761
5,1736063086739116000,1736063086749969000,1736063088840249000,1736063088849133000,1736063093580384000,1736063093583470000,6844,2090,4731
4,1736063086738528000,1736063086751760000,1736063088959502000,1736063088965183000,1736063094654979000,1736063094659506000,7920,2207,5689
1,1736063086737927000,1736063086749568000,1736063088909412000,1736063088913677000,1736063095713610000,1736063095717094000,8979,2159,6799
10,1736063096757786000,1736063096776709000,1736063097342874000,1736063097349454000,1736063098639168000,1736063098643233000,1885,566,1289
13,1736063096766563000,1736063096778545000,1736063097448658000,1736063097453218000,1736063099703789000,1736063099708994000,2942,670,2250
14,1736063096772963000,1736063096786606000,1736063097342874000,1736063097349449000,1736063101695619000,1736063101698818000,4925,556,4346
11,1736063096757810000,1736063096775262000,1736063097342876000,1736063097350422000,1736063102696391000,1736063102699044000,5941,567,5345
15,1736063096775502000,1736063096788238000,1736063097373411000,1736063097380759000,1736063103663964000,1736063103668130000,6892,585,6283
17,1736063096773886000,1736063096783629000,1736063097342874000,1736063097350089000,1736063103680424000,1736063103684289000,6910,559,6330
18,1736063096776235000,1736063096788219000,1736063097500512000,1736063097504502000,1736063104677720000,1736063104681357000,7905,712,7173
19,1736063096775904000,1736063096787921000,1736063097477770000,1736063097482574000,1736063105669872000,1736063105674028000,8898,689,8187
16,1736063096775569000,1736063096788612000,1736063097350178000,1736063097355611000,1736063106721646000,1736063106724754000,9949,561,9366
12,1736063096758235000,1736063096776333000,1736063097448452000,1736063097453218000,1736063106741079000,1736063106745052000,9986,672,9287
28,1736063106792995000,1736063106804323000,1736063109099674000,1736063109103685000,1736063109736666000,1736063109739909000,2946,2295,632
21,1736063106782959000,1736063106793278000,1736063109145415000,1736063109148683000,1736063109772749000,1736063109775969000,2993,2352,624
27,1736063106785160000,1736063106794397000,1736063109022498000,1736063109029006000,1736063110717001000,1736063110720421000,3935,2228,1687
25,1736063106784876000,1736063106794082000,1736063109132197000,1736063109136627000,1736063111812924000,1736063111817104000,5032,2338,2676
22,1736063106783566000,1736063106793309000,1736063109081190000,1736063109087081000,1736063112822410000,1736063112826410000,6042,2287,3735
20,1736063106783332000,1736063106793796000,1736063109144748000,1736063109148586000,1736063112826410000,1736063112829880000,6046,2350,3677
26,1736063106784898000,1736063106794340000,1736063109061141000,1736063109065117000,1736063113739135000,1736063113742463000,6957,2266,4674
23,1736063106783763000,1736063106794601000,1736063109032842000,1736063109037682000,1736063114807898000,1736063114811175000,8027,2238,5770
24,1736063106783449000,1736063106792612000,1736063109059958000,1736063109065117000,1736063115727406000,1736063115731094000,8947,2267,6662
29,1736063106791602000,1736063106796528000,1736063109032836000,1736063109037746000,1736063115727835000,1736063115731094000,8939,2236,6690
30,1736063116797503000,1736063116804131000,1736063117338219000,1736063117344211000,1736063118889510000,1736063118892681000,2095,534,1545
34,1736063116799750000,1736063116806740000,1736063117342851000,1736063117347721000,1736063118889510000,1736063118892693000,2092,536,1541
31,1736063116797523000,1736063116804866000,1736063117398009000,1736063117402520000,1736063119895446000,1736063119901231000,3103,593,2492
37,1736063116801271000,1736063116807297000,1736063117414084000,1736063117419856000,1736063120823386000,1736063120826805000,4025,606,3403
33,1736063116798939000,1736063116805998000,1736063117507710000,1736063117512465000,1736063121871327000,1736063121875330000,5076,701,4358
32,1736063116799597000,1736063116806031000,1736063117397239000,1736063117404644000,1736063121871327000,1736063121875333000,5075,591,4466
35,1736063116802333000,1736063116812426000,1736063117493768000,1736063117497397000,1736063122907879000,1736063122910696000,6108,681,5410
39,1736063116803759000,1736063116813299000,1736063117484311000,1736063117488756000,1736063123800642000,1736063123806053000,7002,671,6311
38,1736063116801557000,1736063116812913000,1736063117561576000,1736063117565150000,1736063124847620000,1736063124851712000,8050,748,7282
36,1736063116802738000,1736063116809457000,1736063117540577000,1736063117546800000,1736063124847620000,1736063124851712000,8048,731,7300
42,1736063126820178000,1736063126839458000,1736063127435684000,1736063127440691000,1736063128812190000,1736063128815255000,1995,596,1371
43,1736063126821088000,1736063126839615000,1736063127488840000,1736063127504360000,1736063128885918000,1736063128889014000,2067,649,1381
41,1736063126820088000,1736063126840120000,1736063127448749000,1736063127454299000,1736063129873481000,1736063129876573000,3056,608,2419
40,1736063126820287000,1736063126839184000,1736063127413484000,1736063127419979000,1736063130870409000,1736063130874392000,4054,574,3450
46,1736063126836165000,1736063126848761000,1736063127492088000,1736063127498044000,1736063131992691000,1736063131996494000,5160,643,4494
49,1736063126838524000,1736063126847283000,1736063127507412000,1736063127513467000,1736063131993059000,1736063131996510000,5157,660,4479
44,1736063126821091000,1736063126840712000,1736063127494420000,1736063127500315000,1736063132910523000,1736063132913954000,6092,653,5410
47,1736063126838455000,1736063126850212000,1736063127543089000,1736063127552146000,1736063133849970000,1736063133853084000,7014,692,6297
45,1736063126827569000,1736063126841172000,1736063127586254000,1736063127590278000,1736063134938630000,1736063134942121000,8114,745,7348
48,1736063126840630000,1736063126851215000,1736063127594570000,1736063127597937000,1736063134938630000,1736063134942096000,8101,743,7340
51,1736063136858443000,1736063136878530000,1736063137483003000,1736063137488547000,1736063138894775000,1736063138900624000,2042,604,1406
54,1736063136874968000,1736063136881133000,1736063137442343000,1736063137446937000,1736063138894704000,1736063138900411000,2025,561,1447
53,1736063136859619000,1736063136878061000,1736063137434326000,1736063137441107000,1736063139928178000,1736063139931338000,3071,556,2487
56,1736063136877941000,1736063136883910000,1736063137466544000,1736063137472834000,1736063140953677000,1736063140958684000,4080,582,3480
57,1736063136874900000,1736063136881133000,1736063137428482000,1736063137435765000,1736063141941987000,1736063141945455000,5070,547,4506
59,1736063136876718000,1736063136886957000,1736063137581093000,1736063137584712000,1736063142039141000,1736063142042946000,5166,694,4454
50,1736063136858432000,1736063136877934000,1736063137523212000,1736063137528738000,1736063142960875000,1736063142963899000,6105,645,5432
52,1736063136859444000,1736063136878065000,1736063137556312000,1736063137560283000,1736063144031158000,1736063144034277000,7174,678,6470
55,1736063136878492000,1736063136885902000,1736063137629600000,1736063137634033000,1736063144952011000,1736063144956585000,8078,743,7317
58,1736063136878530000,1736063136887364000,1736063137577295000,1736063137581092000,1736063144952011000,1736063144956585000,8078,689,7370
66,1736063146903887000,1736063146914910000,1736063147608885000,1736063147614101000,1736063149004849000,1736063149007919000,2104,693,1390
61,1736063146893831000,1736063146908000000,1736063147504738000,1736063147510483000,1736063149043061000,1736063149046285000,2152,596,1532
65,1736063146903900000,1736063146913203000,1736063147637225000,1736063147643898000,1736063150003748000,1736063150006975000,3103,724,2359
62,1736063146895281000,1736063146908180000,1736063147506322000,1736063147511410000,1736063151047589000,1736063151051801000,4156,598,3536
63,1736063146902851000,1736063146912119000,1736063147581539000,1736063147585024000,1736063151987900000,1736063151991137000,5088,669,4402
60,1736063146894187000,1736063146908444000,1736063147507015000,1736063147512069000,1736063152036061000,1736063152039217000,5145,598,4523
64,1736063146901202000,1736063146913271000,1736063147710233000,1736063147715610000,1736063152990962000,1736063152994400000,6093,796,5275
67,1736063146905737000,1736063146916734000,1736063147578520000,1736063147582820000,1736063154030914000,1736063154034738000,7129,661,6448
69,1736063146906217000,1736063146917620000,1736063147609005000,1736063147614101000,1736063155055044000,1736063155058962000,8152,691,7440
68,1736063146905527000,1736063146917128000,1736063147714221000,1736063147723549000,1736063155055331000,1736063155058960000,8153,797,7331
73,1736063156925560000,1736063156937384000,1736063157547806000,1736063157553003000,1736063159125422000,1736063159128842000,2203,610,1572
77,1736063156929195000,1736063156940195000,1736063157569285000,1736063157574812000,1736063159149761000,1736063159155681000,2226,629,1574
79,1736063156928683000,1736063156940868000,1736063157539485000,1736063157546734000,1736063160122090000,1736063160124995000,3196,598,2575
75,1736063156927917000,1736063156938933000,1736063157546674000,1736063157551763000,1736063161137422000,1736063161140937000,4213,607,3585
71,1736063156925357000,1736063156940590000,1736063157638145000,1736063157642556000,1736063162083864000,1736063162089522000,5164,697,4441
78,1736063156929571000,1736063156941164000,1736063157646050000,1736063157650963000,1736063162147533000,1736063162151826000,5222,704,4496
70,1736063156924662000,1736063156937564000,1736063157660092000,1736063157664324000,1736063163088880000,1736063163092329000,6167,722,5424
74,1736063156925613000,1736063156939992000,1736063157660092000,1736063157664324000,1736063164163824000,1736063164167994000,7242,720,6499
72,1736063156926942000,1736063156939456000,1736063157698946000,1736063157704842000,1736063165083069000,1736063165087717000,8160,759,7378
76,1736063156928359000,1736063156939902000,1736063157743121000,1736063157747275000,1736063165224492000,1736063165227405000,8299,803,7477
82,1736063166947621000,1736063166954802000,1736063167594243000,1736063167599548000,1736063169137263000,1736063169140945000,2193,639,1537
80,1736063166948789000,1736063166954847000,1736063167636366000,1736063167642769000,1736063169182929000,1736063169188233000,2239,681,1540
84,1736063166951953000,1736063166961403000,1736063167525439000,1736063167530246000,1736063170249479000,1736063170252799000,3300,564,2719
81,1736063166949074000,1736063166955720000,1736063167651269000,1736063167656032000,1736063171221588000,1736063171224397000,4275,695,3565
89,1736063166953188000,1736063166965771000,1736063167602480000,1736063167607635000,1736063172258609000,1736063172263056000,5309,636,4650
85,1736063166951296000,1736063166964688000,1736063167773910000,1736063167778107000,1736063172258609000,1736063172263056000,5311,809,4480
88,1736063166952547000,1736063166965259000,1736063167686145000,1736063167693225000,1736063173181960000,1736063173185579000,6233,720,5488
86,1736063166952108000,1736063166966039000,1736063167858916000,1736063167862326000,1736063174262750000,1736063174266133000,7314,892,6400
87,1736063166953333000,1736063166965822000,1736063167810706000,1736063167814469000,1736063175197041000,1736063175200025000,8246,844,7382
83,1736063166950396000,1736063166964676000,1736063167751375000,1736063167756335000,1736063175196832000,1736063175199955000,8249,786,7440
91,1736063176964523000,1736063176976544000,1736063177591334000,1736063177596183000,1736063178256344000,1736063178260597000,1296,614,660
92,1736063176965717000,1736063176977973000,1736063177603571000,1736063177609153000,1736063179271202000,1736063179274510000,2308,625,1662
94,1736063176967435000,1736063176977939000,1736063177630377000,1736063177636230000,1736063180287322000,1736063180290467000,3323,652,2651
97,1736063176971207000,1736063176980065000,1736063177683436000,1736063177689496000,1736063181217630000,1736063181221049000,4249,703,3528
98,1736063176974064000,1736063176982172000,1736063177662123000,1736063177668569000,1736063181323413000,1736063181326310000,4352,679,3654
95,1736063176967956000,1736063176978000000,1736063177705363000,1736063177720838000,1736063182279417000,1736063182283147000,5315,727,4558
96,1736063176968835000,1736063176978920000,1736063177673846000,1736063177678189000,1736063183338261000,1736063183341361000,6372,694,5660
99,1736063176973937000,1736063176980767000,1736063177773687000,1736063177778939000,1736063184289137000,1736063184293035000,7319,792,6510
93,1736063176966004000,1736063176978915000,1736063177664553000,1736063177672186000,1736063184307706000,1736063184311268000,7345,685,6635
90,1736063176962972000,1736063176976685000,1736063177723264000,1736063177728946000,1736063185323287000,1736063185326301000,8363,746,7594
103,1736063186999192000,1736063187014548000,1736063187708326000,1736063187713821000,1736063188356969000,1736063188360155000,1360,693,643
102,1736063186993518000,1736063187014317000,1736063187680911000,1736063187685900000,1736063189338953000,1736063189342490000,2348,666,1653
108,1736063187014603000,1736063187029344000,1736063187613953000,1736063187618904000,1736063190314368000,1736063190317459000,3302,584,2695
100,1736063186993545000,1736063187013934000,1736063187637154000,1736063187642389000,1736063191311727000,1736063191314937000,4321,623,3669
104,1736063187012505000,1736063187024930000,1736063187702765000,1736063187708328000,1736063191367055000,1736063191370407000,4357,677,3658
101,1736063186994157000,1736063187013703000,1736063187702263000,1736063187708327000,1736063192351347000,1736063192354253000,5360,688,4643
105,1736063187010203000,1736063187020863000,1736063187801704000,1736063187805646000,1736063193304459000,1736063193308239000,6298,780,5498
109,1736063187014126000,1736063187028679000,1736063187760529000,1736063187764410000,1736063194280988000,1736063194285309000,7271,731,6516
106,1736063187011493000,1736063187026505000,1736063187763998000,1736063187768698000,1736063194280988000,1736063194285308000,7273,737,6512
107,1736063187013125000,1736063187025336000,1736063187832039000,1736063187835858000,1736063195263820000,1736063195267183000,8254,806,7427
112,1736063197030220000,1736063197050786000,1736063200609710000,1736063200615411000,1736063201382852000,1736063201386076000,4355,3558,767
110,1736063197031863000,1736063197048267000,1736063200641890000,1736063200646835000,1736063202442828000,1736063202446271000,5414,3593,1795
113,1736063197041352000,1736063197052300000,1736063200660075000,1736063200664970000,1736063203360410000,1736063203363438000,6322,3607,2695
119,1736063197050115000,1736063197061456000,1736063200760189000,1736063200764248000,1736063204327828000,1736063204331566000,7281,3698,3563
111,1736063197030404000,1736063197050990000,1736063200705839000,1736063200710575000,1736063204327845000,1736063204331566000,7301,3654,3617
114,1736063197044310000,1736063197052164000,1736063200664970000,1736063200669804000,1736063205389166000,1736063205392961000,8348,3612,4719
117,1736063197050585000,1736063197063487000,1736063200723805000,1736063200727277000,1736063206456855000,1736063206460132000,9409,3660,5729
118,1736063197050604000,1736063197061848000,1736063200782013000,1736063200785938000,1736063207460550000,1736063207465873000,10415,3720,6674
116,1736063197048280000,1736063197063548000,1736063200829518000,1736063200833138000,1736063207654019000,1736063207659546000,10611,3765,6820
115,1736063197049471000,1736063197061263000,1736063200800416000,1736063200804751000,1736063208414348000,1736063208417561000,11368,3739,7609
121,1736063207058506000,1736063207066585000,1736063207787486000,1736063207793261000,1736063209491769000,1736063209496205000,2437,720,1698
122,1736063207060251000,1736063207078687000,1736063207765438000,1736063207776252000,1736063210523621000,1736063210526960000,3466,686,2747
123,1736063207059452000,1736063207077871000,1736063207679125000,1736063207684430000,1736063210539679000,1736063210543357000,3483,601,2855
128,1736063207067402000,1736063207078389000,1736063207707834000,1736063207715156000,1736063211497371000,1736063211501254000,4433,629,3782
126,1736063207077032000,1736063207084551000,1736063207811838000,1736063207816828000,1736063212436587000,1736063212441993000,5364,727,4619
129,1736063207076754000,1736063207087629000,1736063207806383000,1736063207810527000,1736063213464196000,1736063213467832000,6391,718,5653
125,1736063207066989000,1736063207078044000,1736063207889694000,1736063207894488000,1736063213589317000,1736063213592601000,6525,811,5694
124,1736063207059455000,1736063207076712000,1736063207904418000,1736063207909317000,1736063214517262000,1736063214521346000,7461,827,6607
127,1736063207067006000,1736063207078432000,1736063207890580000,1736063207894475000,1736063215579647000,1736063215582662000,8515,812,7685
120,1736063207059617000,1736063207077849000,1736063207851390000,1736063207855859000,1736063216509532000,1736063216513130000,9453,773,8653
132,1736063217080206000,1736063217092453000,1736063217711016000,1736063217716667000,1736063218550988000,1736063218555029000,1474,618,834
134,1736063217084415000,1736063217094553000,1736063217769683000,1736063217776192000,1736063219626123000,1736063219629358000,2544,675,1849
131,1736063217080046000,1736063217095322000,1736063217796236000,1736063217801708000,1736063220504125000,1736063220507206000,3427,700,2702
136,1736063217087272000,1736063217097771000,1736063217714621000,1736063217721857000,1736063220573432000,1736063220576885000,3489,616,2851
130,1736063217080201000,1736063217094943000,1736063217763513000,1736063217769868000,1736063221521959000,1736063221525613000,4445,668,3752
139,1736063217094521000,1736063217104189000,1736063217841502000,1736063217845884000,1736063222520972000,1736063222524392000,5429,737,4675
135,1736063217084571000,1736063217095591000,1736063217874959000,1736063217879574000,1736063223546755000,1736063223549998000,6465,779,5667
133,1736063217082659000,1736063217093674000,1736063217798901000,1736063217802596000,1736063223651952000,1736063223655582000,6572,705,5849
138,1736063217093212000,1736063217103964000,1736063217888186000,1736063217892037000,1736063224647150000,1736063224650444000,7557,784,6755
137,1736063217094952000,1736063217105861000,1736063217895282000,1736063217900536000,1736063225698298000,1736063225701614000,8606,789,7797
140,1736063227114682000,1736063227131604000,1736063227719462000,1736063227727822000,1736063228654618000,1736063228657449000,1542,587,926
141,1736063227114689000,1736063227131305000,1736063227719462000,1736063227727879000,1736063229671925000,1736063229674791000,2560,588,1944
142,1736063227115369000,1736063227133228000,1736063227817333000,1736063227823041000,1736063230692368000,1736063230695934000,3580,684,2869
143,1736063227131285000,1736063227144443000,1736063227821208000,1736063227827384000,1736063230692368000,1736063230695935000,3564,676,2864
148,1736063227133517000,1736063227144576000,1736063227791322000,1736063227798202000,1736063231677662000,1736063231681649000,4548,646,3879
145,1736063227131603000,1736063227144956000,1736063227938196000,1736063227942338000,1736063232682268000,1736063232686312000,5554,793,4739
144,1736063227131787000,1736063227143258000,1736063227942338000,1736063227946402000,1736063233688156000,1736063233692762000,6560,799,5741
149,1736063227133343000,1736063227144427000,1736063227783530000,1736063227790007000,1736063233688156000,1736063233692760000,6559,639,5898
146,1736063227129337000,1736063227144136000,1736063227834278000,1736063227840089000,1736063234637421000,1736063234640723000,7511,690,6797
147,1736063227130553000,1736063227142232000,1736063227862825000,1736063227867268000,1736063235704425000,1736063235708099000,8577,720,7837
150,1736063237154601000,1736063237172464000,1736063237794202000,1736063237801390000,1736063238736549000,1736063238739786000,1585,621,935
151,1736063237154526000,1736063237174256000,1736063237825932000,1736063237831376000,1736063239779006000,1736063239782887000,2628,651,1947
157,1736063237173778000,1736063237186233000,1736063237897260000,1736063237903014000,1736063240722999000,1736063240726400000,3552,711,2819
152,1736063237154530000,1736063237172806000,1736063237824502000,1736063237829862000,1736063240784380000,1736063240788203000,3633,651,2954
153,1736063237161694000,1736063237174516000,1736063237875969000,1736063237883523000,1736063241723083000,1736063241726570000,4564,701,3839
158,1736063237173834000,1736063237187973000,1736063237862604000,1736063237867549000,1736063242691655000,1736063242695769000,5521,674,4824
154,1736063237173037000,1736063237185529000,1736063237852696000,1736063237857647000,1736063243676309000,1736063243679922000,6506,667,5818
156,1736063237174084000,1736063237185665000,1736063237883543000,1736063237888477000,1736063243726997000,1736063243730738000,6556,697,5838
159,1736063237172191000,1736063237186063000,1736063237978281000,1736063237981917000,1736063244725422000,1736063244729214000,7557,792,6743
155,1736063237172904000,1736063237185347000,1736063237971106000,1736063237975241000,1736063245791677000,1736063245795692000,8622,785,7816
169,1736063247210460000,1736063247216622000,1736063247825353000,1736063247830807000,1736063248766732000,1736063248771055000,1560,608,935
164,1736063247195123000,1736063247214387000,1736063247841252000,1736063247849323000,1736063249812727000,1736063249817333000,2622,626,1963
167,1736063247210752000,1736063247217358000,1736063247873584000,1736063247878137000,1736063250842007000,1736063250846435000,3635,656,2963
162,1736063247192801000,1736063247212074000,1736063247926162000,1736063247931417000,1736063250842002000,1736063250846445000,3653,714,2910
168,1736063247212594000,1736063247224983000,1736063247825353000,1736063247831051000,1736063251838385000,1736063251841644000,4629,600,4007
166,1736063247214232000,1736063247227285000,1736063247944611000,1736063247950012000,1736063252780203000,1736063252784802000,5570,717,4830
165,1736063247207980000,1736063247215340000,1736063247950012000,1736063247954253000,1736063253872641000,1736063253876926000,6668,734,5918
161,1736063247192487000,1736063247213844000,1736063247905136000,1736063247912792000,1736063253872425000,1736063253876928000,6684,691,5959
160,1736063247192713000,1736063247214167000,1736063247958708000,1736063247963330000,1736063254812938000,1736063254816425000,7623,744,6849
163,1736063247193670000,1736063247212878000,1736063248004249000,1736063248007583000,1736063255893473000,1736063255897360000,8703,791,7885
171,1736063257224773000,1736063257245538000,1736063257804890000,1736063257813175000,1736063258924708000,1736063258928117000,1703,559,1111
174,1736063257226077000,1736063257243381000,1736063257964420000,1736063257971982000,1736063259890845000,1736063259893757000,2667,721,1918
172,1736063257226162000,1736063257245414000,1736063257859838000,1736063257868558000,1736063260855885000,1736063260859052000,3632,614,2987
176,1736063257245406000,1736063257257791000,1736063257909048000,1736063257913960000,1736063260900315000,1736063260904512000,3659,651,2986
173,1736063257227651000,1736063257245355000,1736063257898091000,1736063257903149000,1736063261895214000,1736063261898582000,4670,652,3992
170,1736063257225016000,1736063257244587000,1736063257879276000,1736063257885738000,1736063262898336000,1736063262902086000,5677,634,5012
178,1736063257243421000,1736063257257897000,1736063257903126000,1736063257908709000,1736063262906490000,1736063262910203000,5666,645,4997
179,1736063257246185000,1736063257258302000,1736063257999374000,1736063258002439000,1736063263974048000,1736063263977297000,6731,741,5971
175,1736063257244316000,1736063257257992000,1736063257995010000,1736063257998418000,1736063264929566000,1736063264933187000,7688,737,6931
177,1736063257245719000,1736063257258552000,1736063257839678000,1736063257846604000,1736063265872386000,1736063265876593000,8630,581,8025
184,1736063267273728000,1736063267285360000,1736063267975887000,1736063267980842000,1736063269047848000,1736063269051554000,1777,690,1067
181,1736063267264528000,1736063267285152000,1736063267992302000,1736063267997087000,1736063269984269000,1736063269987758000,2723,707,1987
182,1736063267264169000,1736063267284523000,1736063267996920000,1736063268001467000,1736063269987745000,1736063269990784000,2726,712,1986
180,1736063267264702000,1736063267281409000,1736063267857388000,1736063267860565000,1736063270962096000,1736063270965107000,3700,575,3101
183,1736063267265356000,1736063267278447000,1736063267855296000,1736063267859596000,1736063271955120000,1736063271959083000,4693,576,4095
185,1736063267278478000,1736063267287176000,1736063267850919000,1736063267857212000,1736063273045582000,1736063273048723000,5770,563,5188
189,1736063267283191000,1736063267291298000,1736063267917280000,1736063267924178000,1736063273983605000,1736063273988548000,6705,625,6059
188,1736063267282245000,1736063267291324000,1736063267909636000,1736063267915388000,1736063273983640000,1736063273988547000,6706,618,6068
186,1736063267284309000,1736063267294713000,1736063268030705000,1736063268036671000,1736063275058708000,1736063275062418000,7778,735,7022
187,1736063267285139000,1736063267295509000,1736063268026889000,1736063268030984000,1736063275973832000,1736063275977773000,8692,731,7942
194,1736063277320194000,1736063277331614000,1736063277960244000,1736063277966027000,1736063279050874000,1736063279054297000,1734,628,1084
190,1736063277305169000,1736063277325883000,1736063277916433000,1736063277922601000,1736063280056873000,1736063280061272000,2756,590,2134
193,1736063277305698000,1736063277323617000,1736063277896972000,1736063277903673000,1736063280159891000,1736063280162795000,2857,573,2256
198,1736063277323658000,1736063277334446000,1736063277939876000,1736063277954836000,1736063281053494000,1736063281056259000,3732,605,3098
192,1736063277306035000,1736063277325628000,1736063278022002000,1736063278026697000,1736063282167019000,1736063282171451000,4865,696,4140
195,1736063277325395000,1736063277337914000,1736063277997296000,1736063278001860000,1736063283087149000,1736063283090386000,5764,659,5085
191,1736063277305445000,1736063277325153000,1736063278035261000,1736063278040808000,1736063283204390000,1736063283207247000,5901,710,5163
199,1736063277324156000,1736063277335348000,1736063278062084000,1736063278069135000,1736063284118033000,1736063284121256000,6797,726,6048
196,1736063277325317000,1736063277336601000,1736063278032626000,1736063278038678000,1736063285198667000,1736063285202089000,7876,696,7159
197,1736063277326322000,1736063277337266000,1736063278091677000,1736063278095561000,1736063286124251000,1736063286127730000,8801,754,8028
207,1736063287365247000,1736063287371967000,1736063287969219000,1736063287974903000,1736063289226742000,1736063289231931000,1866,597,1251
203,1736063287348055000,1736063287365218000,1736063287920397000,1736063287925899000,1736063290183970000,1736063290188016000,2839,555,2258
204,1736063287349062000,1736063287367248000,1736063287960485000,1736063287968055000,1736063290210857000,1736063290214440000,2865,593,2242
201,1736063287343434000,1736063287367807000,1736063287974457000,1736063287979534000,1736063291289445000,1736063291292957000,3949,606,3309
202,1736063287343872000,1736063287367548000,1736063287986649000,1736063287992091000,1736063292177111000,1736063292181952000,4838,619,4185
209,1736063287367838000,1736063287379792000,1736063287969693000,1736063287975032000,1736063293203645000,1736063293207650000,5839,589,5228
200,1736063287343375000,1736063287367419000,1736063288053310000,1736063288057440000,1736063293203673000,1736063293207647000,5864,685,5146
205,1736063287363857000,1736063287370563000,1736063288070751000,1736063288074937000,1736063294180675000,1736063294183717000,6819,700,6105
208,1736063287367918000,1736063287380106000,1736063288091879000,1736063288097180000,1736063295266237000,1736063295269257000,7901,711,7169
206,1736063287366982000,1736063287377300000,1736063288085351000,1736063288088862000,1736063296217582000,1736063296221904000,8854,708,8128
213,1736063297385822000,1736063297404175000,1736063301005872000,1736063301010419000,1736063301057230000,1736063301061615000,3675,3601,46
211,1736063297383821000,1736063297403037000,1736063300947593000,1736063300952219000,1736063301304640000,1736063301307583000,3923,3544,352
212,1736063297383883000,1736063297404636000,1736063300963340000,1736063300968371000,1736063302215847000,1736063302219087000,4835,3558,1247
215,1736063297403841000,1736063297416227000,1736063300945937000,1736063300950269000,1736063303213173000,1736063303217367000,5813,3529,2262
217,1736063297404137000,1736063297417591000,1736063300943804000,1736063300950157000,1736063303357328000,1736063303360865000,5956,3526,2407
219,1736063297403499000,1736063297416830000,1736063301064920000,1736063301069295000,1736063304257276000,1736063304261551000,6858,3648,3187
214,1736063297403590000,1736063297416538000,1736063301015447000,1736063301020334000,1736063305345923000,1736063305349660000,7946,3598,4325
218,1736063297402267000,1736063297413000000,1736063300899043000,1736063300905474000,1736063306144924000,1736063306148374000,8746,3486,5239
210,1736063297383642000,1736063297402324000,1736063300898994000,1736063300905457000,1736063306144849000,1736063306148269000,8764,3496,5239
216,1736063297404247000,1736063297416649000,1736063301061575000,1736063301065260000,1736063306288887000,1736063306291894000,8887,3644,5223
220,1736063307419551000,1736063307441883000,1736063307990485000,1736063307997296000,1736063309363704000,1736063309366702000,1947,548,1366
224,1736063307426450000,1736063307440436000,1736063308018724000,1736063308024650000,1736063310279665000,1736063310282536000,2856,578,2255
221,1736063307419552000,1736063307441204000,1736063308079697000,1736063308085206000,1736063310363182000,1736063310366836000,2947,638,2277
222,1736063307419931000,1736063307440436000,1736063308101326000,1736063308106450000,1736063311439985000,1736063311443802000,4023,660,3333
223,1736063307424817000,1736063307441308000,1736063307990504000,1736063307997047000,1736063312382420000,1736063312385961000,4961,549,4385
225,1736063307427157000,1736063307440883000,1736063308074799000,1736063308079199000,1736063313347489000,1736063313350836000,5923,633,5268
228,1736063307441437000,1736063307453481000,1736063308177849000,1736063308182180000,1736063313347609000,1736063313350813000,5909,724,5165
227,1736063307439178000,1736063307450688000,1736063308075143000,1736063308078982000,1736063314425100000,1736063314428875000,6989,624,6346
226,1736063307439702000,1736063307452033000,1736063308177850000,1736063308182239000,1736063315348357000,1736063315351878000,7912,725,7166
229,1736063307440258000,1736063307451749000,1736063308125708000,1736063308130442000,1736063316461507000,1736063316464744000,9024,673,8331
234,1736063317459941000,1736063317474320000,1736063318092449000,1736063318098447000,1736063319366400000,1736063319370962000,1911,618,1267
231,1736063317454601000,1736063317472373000,1736063318067153000,1736063318072826000,1736063319457546000,1736063319461320000,2006,594,1384
232,1736063317454692000,1736063317474310000,1736063318087195000,1736063318092449000,1736063320393854000,1736063320396999000,2942,612,2301
239,1736063317472394000,1736063317478534000,1736063318055077000,1736063318062285000,1736063321480936000,1736063321484942000,4012,576,3418
235,1736063317463363000,1736063317475246000,1736063318083035000,1736063318087195000,1736063322466699000,1736063322470842000,5007,607,4379
236,1736063317462894000,1736063317474888000,1736063318144860000,1736063318149434000,1736063322466702000,1736063322470842000,5007,669,4317
233,1736063317456325000,1736063317475477000,1736063318088262000,1736063318095798000,1736063323476152000,1736063323479476000,6023,612,5380
237,1736063317472886000,1736063317477585000,1736063318160790000,1736063318165339000,1736063324448743000,1736063324452774000,6979,683,6283
238,1736063317470189000,1736063317475999000,1736063318181602000,1736063318185569000,1736063325512878000,1736063325516778000,8046,705,7327
230,1736063317454051000,1736063317475057000,1736063318213276000,1736063318216773000,1736063325512878000,1736063325516808000,8062,738,7296
243,1736063327482256000,1736063327501764000,1736063328161484000,1736063328167572000,1736063329450208000,1736063329455056000,1972,659,1282
241,1736063327482008000,1736063327500825000,1736063328150892000,1736063328157826000,1736063329450181000,1736063329455053000,1973,650,1292
240,1736063327481464000,1736063327498766000,1736063328068251000,1736063328076357000,1736063330528866000,1736063330533602000,3052,569,2452
242,1736063327481819000,1736063327501438000,1736063328098358000,1736063328103709000,1736063331576442000,1736063331580211000,4098,596,3472
244,1736063327485610000,1736063327501617000,1736063328208580000,1736063328213941000,1736063332449723000,1736063332452919000,4967,706,4235
246,1736063327501014000,1736063327511791000,1736063328161247000,1736063328167568000,1736063332540462000,1736063332543624000,5042,649,4372
248,1736063327499811000,1736063327512724000,1736063328253511000,1736063328258096000,1736063333455688000,1736063333459357000,5959,740,5197
249,1736063327501346000,1736063327511887000,1736063328155057000,1736063328160964000,1736063334450161000,1736063334453595000,6952,643,6289
245,1736063327501373000,1736063327510986000,1736063328184897000,1736063328189735000,1736063335497856000,1736063335501144000,7999,673,7308
247,1736063327500821000,1736063327515817000,1736063328233086000,1736063328236757000,1736063335497856000,1736063335501181000,8000,717,7261
253,1736063337514379000,1736063337535038000,1736063338155564000,1736063338159981000,1736063339537390000,1736063339540771000,2026,620,1377
252,1736063337512162000,1736063337533359000,1736063338153112000,1736063338160596000,1736063340561557000,1736063340564920000,3052,619,2400
250,1736063337512176000,1736063337535891000,1736063338207926000,1736063338213850000,1736063340594550000,1736063340598480000,3086,672,2380
254,1736063337514937000,1736063337536055000,1736063338119288000,1736063338125265000,1736063341539800000,1736063341543466000,4028,583,3414
256,1736063337535144000,1736063337548541000,1736063338167238000,1736063338172592000,1736063342572455000,1736063342576384000,5041,618,4399
251,1736063337513531000,1736063337536106000,1736063338207510000,1736063338214514000,1736063342601308000,1736063342607501000,5093,671,4386
259,1736063337535850000,1736063337549019000,1736063338250549000,1736063338257542000,1736063343525837000,1736063343529665000,5993,701,5268
257,1736063337535907000,1736063337548348000,1736063338268501000,1736063338272444000,1736063344567442000,1736063344570644000,7034,720,6294
255,1736063337531864000,1736063337539327000,1736063338247842000,1736063338251278000,1736063345573438000,1736063345576591000,8044,708,7322
258,1736063337535745000,1736063337549115000,1736063338272648000,1736063338277341000,1736063345575537000,1736063345578666000,8042,723,7298
260,1736063347549506000,1736063347559780000,1736063351176086000,1736063351182246000,1736063352618019000,1736063352623043000,5073,3616,1435
261,1736063347551120000,1736063347562252000,1736063351288582000,1736063351292912000,1736063352655236000,1736063352659721000,5108,3726,1362
268,1736063347553775000,1736063347566740000,1736063351181531000,1736063351188499000,1736063353688623000,1736063353692748000,6138,3614,2500
267,1736063347554357000,1736063347566587000,1736063351143190000,1736063351150914000,1736063354680561000,1736063354684603000,7130,3576,3529
263,1736063347553392000,1736063347566480000,1736063351165026000,1736063351172033000,1736063355637520000,1736063355641216000,8087,3598,4465
269,1736063347554449000,1736063347563845000,1736063351193877000,1736063351198402000,1736063355637643000,1736063355641216000,8086,3630,4439
265,1736063347553183000,1736063347564574000,1736063351280341000,1736063351284425000,1736063356731373000,1736063356734493000,9181,3715,5446
266,1736063347554160000,1736063347565889000,1736063351259968000,1736063351264208000,1736063357643070000,1736063357647106000,10092,3694,6378
262,1736063347549407000,1736063347557493000,1736063351216733000,1736063351222678000,1736063358649985000,1736063358654760000,11105,3659,7427
264,1736063347552102000,1736063347566774000,1736063351175917000,1736063351182021000,1736063358650065000,1736063358655066000,11102,3609,7468
274,1736063357564241000,1736063357572197000,1736063358212272000,1736063358217668000,1736063359761725000,1736063359764836000,2200,640,1544
270,1736063357561395000,1736063357571825000,1736063358385730000,1736063358390466000,1736063360757691000,1736063360761217000,3199,813,2367
272,1736063357561208000,1736063357571073000,1736063358425796000,1736063358431074000,1736063361662898000,1736063361666381000,4105,854,3231
279,1736063357569566000,1736063357574657000,1736063358328903000,1736063358337076000,1736063361757947000,1736063361761426000,4191,754,3420
276,1736063357568080000,1736063357573830000,1736063358435338000,1736063358439063000,1736063362658671000,1736063362661533000,5093,861,4219
277,1736063357568416000,1736063357573738000,1736063358298705000,1736063358312558000,1736063363810238000,1736063363813503000,6245,724,5497
278,1736063357569091000,1736063357574192000,1736063358352089000,1736063358356107000,1736063364733666000,1736063364737219000,7168,777,6377
271,1736063357561662000,1736063357572350000,1736063358282005000,1736063358292453000,1736063364733672000,1736063364737219000,7175,709,6441
273,1736063357561208000,1736063357571651000,1736063358259165000,1736063358265294000,1736063365779829000,1736063365782913000,8221,687,7514
275,1736063357566915000,1736063357574688000,1736063358381447000,1736063358385281000,1736063366711260000,1736063366714386000,9147,806,8325
283,1736063367585122000,1736063367593004000,1736063368156974000,1736063368164793000,1736063369696497000,1736063369700257000,2115,563,1531
281,1736063367583060000,1736063367590444000,1736063368280151000,1736063368284640000,1736063369781272000,1736063369784173000,2201,689,1496
280,1736063367583124000,1736063367591261000,1736063368176379000,1736063368185483000,1736063370722604000,1736063370725931000,3142,585,2537
284,1736063367584698000,1736063367593128000,1736063368219604000,1736063368224794000,1736063371774089000,1736063371777572000,4192,626,3549
285,1736063367586112000,1736063367595219000,1736063368340481000,1736063368344003000,1736063372722562000,1736063372725860000,5139,745,4378
287,1736063367586731000,1736063367595791000,1736063368243594000,1736063368248981000,1736063372757100000,1736063372761303000,5174,647,4508
289,1736063367589631000,1736063367598442000,1736063368290080000,1736063368294632000,1736063373823603000,1736063373826464000,6236,691,5528
282,1736063367583169000,1736063367590589000,1736063368274455000,1736063368279200000,1736063374772335000,1736063374775941000,7192,683,6493
288,1736063367586847000,1736063367595206000,1736063368290064000,1736063368294660000,1736063375817709000,1736063375821148000,8234,694,7523
286,1736063367587157000,1736063367596802000,1736063368330235000,1736063368336396000,1736063375841796000,1736063375847187000,8260,733,7505
296,1736063377595461000,1736063377604634000,1736063378148414000,1736063378154019000,1736063378804347000,1736063378808087000,1212,543,650
292,1736063377591768000,1736063377603871000,1736063378146423000,1736063378154592000,1736063379817752000,1736063379821578000,2229,542,1663
291,1736063377591765000,1736063377604226000,1736063378202167000,1736063378208784000,1736063380881479000,1736063380884965000,3293,597,2672
290,1736063377591765000,1736063377603954000,1736063378222576000,1736063378226720000,1736063381780411000,1736063381783346000,4191,618,3553
294,1736063377592312000,1736063377603318000,1736063378338548000,1736063378342806000,1736063381870451000,1736063381873313000,4281,735,3527
293,1736063377592183000,1736063377604069000,1736063378251592000,1736063378256297000,1736063382887618000,1736063382891509000,5299,647,4631
298,1736063377600205000,1736063377608319000,1736063378265484000,1736063378270914000,1736063383798889000,1736063383802412000,6202,657,5527
295,1736063377598064000,1736063377606585000,1736063378373772000,1736063378377451000,1736063384874887000,1736063384878808000,7280,767,6497
299,1736063377602088000,1736063377608488000,1736063378393866000,1736063378398446000,1736063384874734000,1736063384878811000,7276,785,6476
297,1736063377601743000,1736063377609163000,1736063378328928000,1736063378333595000,1736063385933172000,1736063385936801000,8335,719,7599
305,1736063387612459000,1736063387625358000,1736063388332326000,1736063388336790000,1736063388974664000,1736063388978542000,1366,706,637
300,1736063387609941000,1736063387624478000,1736063388316171000,1736063388319832000,1736063389864013000,1736063389867361000,2257,691,1544
301,1736063387610298000,1736063387626022000,1736063388238355000,1736063388242740000,1736063390926651000,1736063390931159000,3320,612,2683
302,1736063387610324000,1736063387625161000,1736063388232157000,1736063388237259000,1736063391932445000,1736063391936057000,4325,606,3695
303,1736063387610287000,1736063387624225000,1736063388237258000,1736063388242232000,1736063392983735000,1736063392987599000,5377,613,4741
309,1736063387623254000,1736063387634231000,1736063388308390000,1736063388312125000,1736063392987776000,1736063392990823000,5367,674,4675
307,1736063387623877000,1736063387636933000,1736063388406371000,1736063388410385000,1736063393929106000,1736063393932730000,6308,769,5518
306,1736063387624932000,1736063387636094000,1736063388297609000,1736063388301930000,1736063394891468000,1736063394895771000,7270,661,6589
308,1736063387625165000,1736063387636682000,1736063388406364000,1736063388410377000,1736063395957837000,1736063395961599000,8336,769,7547
304,1736063387624124000,1736063387635921000,1736063388359305000,1736063388369902000,1736063395957837000,1736063395961600000,8337,723,7587
312,1736063397640164000,1736063397651461000,1736063398269558000,1736063398275993000,1736063399081834000,1736063399085463000,1445,618,805
311,1736063397640219000,1736063397653703000,1736063398381630000,1736063398385558000,1736063400017844000,1736063400021229000,2381,727,1632
315,1736063397644053000,1736063397654525000,1736063398291136000,1736063398299096000,1736063401019308000,1736063401022303000,3378,636,2720
313,1736063397641873000,1736063397652454000,1736063398256168000,1736063398262109000,1736063401998517000,1736063402002505000,4360,603,3736
316,1736063397644657000,1736063397653883000,1736063398361622000,1736063398367636000,1736063402065093000,1736063402068438000,4423,707,3697
318,1736063397646057000,1736063397655128000,1736063398424690000,1736063398429244000,1736063403002655000,1736063403005684000,5359,769,4573
310,1736063397640165000,1736063397651585000,1736063398300253000,1736063398305450000,1736063404051074000,1736063404054916000,6414,648,5745
319,1736063397646841000,1736063397654814000,1736063398322549000,1736063398328094000,1736063405074404000,1736063405077497000,7430,667,6746
317,1736063397645467000,1736063397655376000,1736063398407810000,1736063398412212000,1736063405109433000,1736063405114253000,7468,752,6697
314,1736063397644269000,1736063397655033000,1736063398419785000,1736063398424691000,1736063406057125000,1736063406060596000,8416,764,7632
321,1736063407660595000,1736063407673684000,1736063408287248000,1736063408293430000,1736063409102340000,1736063409107263000,1446,613,808
320,1736063407660584000,1736063407673697000,1736063408261602000,1736063408268043000,1736063410084249000,1736063410089050000,2428,587,1816
324,1736063407664258000,1736063407675499000,1736063408333980000,1736063408339799000,1736063411034983000,1736063411038181000,3373,658,2695
322,1736063407660601000,1736063407672295000,1736063408296790000,1736063408302697000,1736063412031183000,1736063412034577000,4373,624,3728
328,1736063407672477000,1736063407678599000,1736063408341308000,1736063408348127000,1736063412138422000,1736063412141527000,4469,662,3790
326,1736063407666822000,1736063407675514000,1736063408305498000,1736063408309702000,1736063413156298000,1736063413159369000,5492,629,4846
327,1736063407669507000,1736063407676761000,1736063408399061000,1736063408404789000,1736063414099239000,1736063414104151000,6434,722,5694
329,1736063407672301000,1736063407681711000,1736063408411294000,1736063408414415000,1736063415096072000,1736063415099213000,7426,729,6681
323,1736063407663559000,1736063407674375000,1736063408418132000,1736063408422610000,1736063415149315000,1736063415153042000,7489,743,6726
325,1736063407666406000,1736063407675527000,1736063408440847000,1736063408444923000,1736063416076510000,1736063416080969000,8414,765,7631
331,1736063417691469000,1736063417700981000,1736063420828102000,1736063420833102000,1736063422082037000,1736063422086586000,4395,3127,1248
330,1736063417691262000,1736063417700997000,1736063420827961000,1736063420832913000,1736063423101848000,1736063423105365000,5414,3126,2268
332,1736063417691250000,1736063417701199000,1736063420887721000,1736063420894647000,1736063423133177000,1736063423136572000,5445,3186,2238
335,1736063417694495000,1736063417704717000,1736063420915180000,1736063420920176000,1736063424156301000,1736063424160147000,6465,3210,3236
333,1736063417695147000,1736063417705769000,1736063420882531000,1736063420888934000,1736063425148498000,1736063425153918000,7458,3176,4259
336,1736063417695668000,1736063417706398000,1736063420810561000,1736063420816179000,1736063426158659000,1736063426161929000,8466,3104,5342
334,1736063417693498000,1736063417704631000,1736063420921306000,1736063420925353000,1736063426187628000,1736063426191037000,8497,3216,5262
338,1736063417695814000,1736063417707446000,1736063420953046000,1736063420957358000,1736063427217738000,1736063427221283000,9525,3245,6260
337,1736063417695111000,1736063417706468000,1736063420953061000,1736063420957319000,1736063428160010000,1736063428168212000,10473,3246,7202
339,1736063417695809000,1736063417706924000,1736063420957328000,1736063420962362000,1736063429280286000,1736063429286594000,11590,3250,8317
340,1736063427714143000,1736063427728200000,1736063428517456000,1736063428522059000,1736063429322685000,1736063429326878000,1612,789,800
348,1736063427718318000,1736063427730057000,1736063428494182000,1736063428499956000,1736063430224830000,1736063430229359000,2511,764,1724
341,1736063427714046000,1736063427723507000,1736063428415532000,1736063428421976000,1736063431194958000,1736063431198150000,3484,692,2772
342,1736063427715657000,1736063427729896000,1736063428409945000,1736063428416656000,1736063432220773000,1736063432225129000,4509,680,3804
345,1736063427718030000,1736063427729883000,1736063428495204000,1736063428500425000,1736063432333534000,1736063432336749000,4618,765,3833
344,1736063427717101000,1736063427730047000,1736063428494130000,1736063428499957000,1736063433274468000,1736063433278063000,5560,764,4774
343,1736063427715858000,1736063427730541000,1736063428423779000,1736063428429437000,1736063434213136000,1736063434216842000,6500,693,5783
349,1736063427720727000,1736063427731266000,1736063428557218000,1736063428562450000,1736063435294205000,1736063435298561000,7577,825,6731
346,1736063427717612000,1736063427728636000,1736063428408275000,1736063428415512000,1736063435298564000,1736063435302240000,7584,679,6883
347,1736063427717283000,1736063427730531000,1736063428446722000,1736063428451675000,1736063436236354000,1736063436239924000,8522,716,7784
350,1736063437734171000,1736063437743387000,1736063441330676000,1736063441337206000,1736063442268237000,1736063442271326000,4537,3587,931
351,1736063437735201000,1736063437745640000,1736063441325762000,1736063441333015000,1736063443266813000,1736063443270051000,5534,3580,1933
355,1736063437738325000,1736063437747157000,1736063441394256000,1736063441400382000,1736063444419695000,1736063444424481000,6686,3647,3019
352,1736063437735336000,1736063437744062000,1736063441378020000,1736063441383493000,1736063444432528000,1736063444437725000,6702,3633,3049
354,1736063437737339000,1736063437746704000,1736063441402069000,1736063441405999000,1736063445329718000,1736063445333438000,7596,3655,3923
353,1736063437736088000,1736063437746189000,1736063441449035000,1736063441453854000,1736063446396733000,1736063446401058000,8664,3702,4942
356,1736063437738082000,1736063437747161000,1736063441378553000,1736063441387171000,1736063447368742000,1736063447372175000,9634,3631,5981
358,1736063437738902000,1736063437749702000,1736063441339098000,1736063441344567000,1736063447423410000,1736063447427272000,9688,3589,6078
359,1736063437738128000,1736063437750071000,1736063441449039000,1736063441453850000,1736063448398756000,1736063448412164000,10674,3698,6944
357,1736063437738001000,1736063437749200000,1736063441477884000,1736063441482157000,1736063449347792000,1736063449351470000,11613,3728,7865
360,1736063447753136000,1736063447764689000,1736063448409130000,1736063448422763000,1736063450435677000,1736063450440097000,2686,644,2012
362,1736063447753175000,1736063447765606000,1736063448422874000,1736063448440868000,1736063450435594000,1736063450440097000,2686,657,1994
363,1736063447753760000,1736063447764700000,1736063448497124000,1736063448503808000,1736063451380602000,1736063451384132000,3630,732,2876
361,1736063447753136000,1736063447765385000,1736063448473485000,1736063448488088000,1736063452359107000,1736063452362589000,4609,708,3871
364,1736063447755088000,1736063447765314000,1736063448481874000,1736063448488056000,1736063453370148000,1736063453373775000,5618,716,4882
367,1736063447759782000,1736063447767252000,1736063448556747000,1736063448561427000,1736063453472183000,1736063453475312000,5715,789,4910
366,1736063447759947000,1736063447767251000,1736063448504788000,1736063448509373000,1736063454407574000,1736063454411054000,6651,737,5898
368,1736063447762033000,1736063447769004000,1736063448434068000,1736063448448679000,1736063455473586000,1736063455477605000,7715,665,7024
365,1736063447759275000,1736063447767238000,1736063448524456000,1736063448533172000,1736063456367469000,1736063456371149000,8611,757,7834
369,1736063447761823000,1736063447767365000,1736063448524848000,1736063448533753000,1736063456512554000,1736063456515655000,8753,757,7978
370,1736063457789276000,1736063457797777000,1736063458368630000,1736063458373448000,1736063459538969000,1736063459543230000,1753,570,1165
372,1736063457788460000,1736063457801167000,1736063458358181000,1736063458363005000,1736063460566259000,1736063460569647000,2781,557,2203
371,1736063457787799000,1736063457801327000,1736063458378392000,1736063458384719000,1736063461530824000,1736063461534142000,3746,577,3146
379,1736063457794860000,1736063457807057000,1736063458358845000,1736063458365873000,1736063461551793000,1736063461555611000,3760,551,3185
373,1736063457791800000,1736063457807766000,1736063458463393000,1736063458468064000,1736063462530853000,1736063462534918000,4743,655,4062
375,1736063457791987000,1736063457807292000,1736063458463393000,1736063458468088000,1736063463522798000,1736063463526849000,5734,656,5054
376,1736063457793776000,1736063457807057000,1736063458549251000,1736063458553694000,1736063464568677000,1736063464571629000,6777,742,6014
378,1736063457794586000,1736063457808395000,1736063458394804000,1736063458406353000,1736063464611934000,1736063464614875000,6820,586,6205
377,1736063457794327000,1736063457807401000,1736063458521084000,1736063458527255000,1736063465522757000,1736063465525847000,7731,713,6995
374,1736063457792997000,1736063457807596000,1736063458531413000,1736063458536637000,1736063466486717000,1736063466490244000,8697,723,7950
381,1736063467813574000,1736063467833214000,1736063468369498000,1736063468377295000,1736063469630575000,1736063469634461000,1820,536,1253
380,1736063467813764000,1736063467832356000,1736063468431185000,1736063468437317000,1736063470548419000,1736063470551591000,2737,598,2111
383,1736063467814674000,1736063467832947000,1736063468410859000,1736063468416430000,1736063470548391000,1736063470551589000,2736,577,2131
388,1736063467831574000,1736063467841215000,1736063468426563000,1736063468433715000,1736063471538625000,1736063471541595000,3710,585,3104
382,1736063467813574000,1736063467831577000,1736063468460372000,1736063468465046000,1736063472624966000,1736063472628593000,4815,628,4159
384,1736063467819063000,1736063467834443000,1736063468474243000,1736063468482457000,1736063473593398000,1736063473596379000,5777,639,5110
386,1736063467831990000,1736063467845084000,1736063468466812000,1736063468470770000,1736063473630562000,1736063473634178000,5802,621,5159
385,1736063467832048000,1736063467844637000,1736063468531618000,1736063468535434000,1736063474622329000,1736063474625930000,6793,686,6086
389,1736063467833644000,1736063467846863000,1736063468564688000,1736063468569482000,1736063475679088000,1736063475683708000,7850,717,7109
387,1736063467833160000,1736063467844876000,1736063468550114000,1736063468554512000,1736063476623462000,1736063476627108000,8793,705,8068
392,1736063477845672000,1736063477863795000,1736063478394793000,1736063478399430000,1736063479665182000,1736063479668985000,1823,530,1265
391,1736063477845280000,1736063477864886000,1736063478395932000,1736063478400116000,1736063480707660000,1736063480711760000,2866,531,2307
393,1736063477847217000,1736063477866114000,1736063478435488000,1736063478439878000,1736063480730305000,1736063480734451000,2887,569,2290
390,1736063477845178000,1736063477864392000,1736063478445257000,1736063478453492000,1736063481739844000,1736063481743433000,3898,580,3286
394,1736063477848206000,1736063477866158000,1736063478557473000,1736063478561846000,1736063482720811000,1736063482724490000,4876,691,4158
399,1736063477865356000,1736063477876234000,1736063478524856000,1736063478528290000,1736063483707717000,1736063483710846000,5845,648,5179
397,1736063477865699000,1736063477876339000,1736063478438418000,1736063478445165000,1736063483737077000,1736063483740177000,5874,562,5291
398,1736063477866201000,1736063477876680000,1736063478514822000,1736063478519231000,1736063484693197000,1736063484696653000,6830,638,6173
395,1736063477864269000,1736063477872795000,1736063478527692000,1736063478531078000,1736063485747291000,1736063485751664000,7887,654,7216
396,1736063477866440000,1736063477875610000,1736063478542718000,1736063478547729000,1736063486700136000,1736063486703549000,8837,667,8152
401,1736063487880536000,1736063487898249000,1736063488473841000,1736063488478744000,1736063489713575000,1736063489717981000,1837,575,1234
400,1736063487880406000,1736063487895657000,1736063488488245000,1736063488496784000,1736063490730257000,1736063490733292000,2852,592,2233
403,1736063487882159000,1736063487898030000,1736063488528975000,1736063488535916000,1736063490759311000,1736063490762507000,2880,630,2223
402,1736063487882073000,1736063487898066000,1736063488471454000,1736063488477160000,1736063491764260000,1736063491767614000,3885,573,3287
404,1736063487895643000,1736063487906626000,1736063488427180000,1736063488439135000,1736063492775198000,1736063492778712000,4883,520,4336
407,1736063487898242000,1736063487910267000,1736063488553154000,1736063488557046000,1736063493772905000,1736063493777230000,5878,642,5215
406,1736063487897153000,1736063487910271000,1736063488549376000,1736063488553636000,1736063493781506000,1736063493785578000,5888,639,5227
409,1736063487897702000,1736063487908630000,1736063488570351000,1736063488575075000,1736063494734744000,1736063494738395000,6840,661,6159
408,1736063487898146000,1736063487910452000,1736063488569144000,1736063488573307000,1736063495787583000,1736063495791077000,7892,658,7214
405,1736063487897617000,1736063487909916000,1736063488593345000,1736063488597703000,1736063496746141000,1736063496749927000,8852,683,8148
410,1736063497913874000,1736063497927330000,1736063498481566000,1736063498485694000,1736063499864138000,1736063499868346000,1954,554,1378
412,1736063497914073000,1736063497927259000,1736063498492070000,1736063498496733000,1736063500766166000,1736063500769068000,2854,564,2269
413,1736063497915140000,1736063497928642000,1736063498548498000,1736063498553178000,1736063500848195000,1736063500852279000,2937,619,2295
416,1736063497926225000,1736063497934483000,1736063498526716000,1736063498537048000,1736063501866488000,1736063501869503000,3943,592,3329
414,1736063497919548000,1736063497930609000,1736063498553177000,1736063498559389000,1736063502833363000,1736063502836969000,4917,622,4273
411,1736063497914065000,1736063497930116000,1736063498677043000,1736063498681286000,1736063503822701000,1736063503825739000,5911,746,5141
415,1736063497926965000,1736063497934453000,1736063498553178000,1736063498558158000,1736063503860690000,1736063503864467000,5937,618,5302
418,1736063497929507000,1736063497940778000,1736063498607927000,1736063498614188000,1736063504798292000,1736063504801893000,6872,667,6184
419,1736063497930041000,1736063497939529000,1736063498646491000,1736063498651415000,1736063505832111000,1736063505835712000,7905,706,7180
417,1736063497928942000,1736063497938170000,1736063498609546000,1736063498617708000,1736063506795113000,1736063506799345000,8870,671,8177
420,1736063507946397000,1736063507958182000,1736063508510132000,1736063508517286000,1736063509916833000,1736063509920367000,1973,551,1399
423,1736063507946684000,1736063507958074000,1736063508500199000,1736063508506697000,1736063509918554000,1736063509921596000,1974,542,1411
428,1736063507957679000,1736063507967652000,1736063508499966000,1736063508506697000,1736063510909472000,1736063510912417000,2954,532,2402
422,1736063507945769000,1736063507958678000,1736063508507027000,1736063508511833000,1736063511929208000,1736063511932169000,3986,548,3417
427,1736063507956389000,1736063507967850000,1736063508567207000,1736063508572742000,1736063512887483000,1736063512891856000,4935,599,4314
421,1736063507945795000,1736063507957809000,1736063508561096000,1736063508567380000,1736063512887483000,1736063512891856000,4946,603,4320
424,1736063507952998000,1736063507961054000,1736063508569626000,1736063508574669000,1736063513941770000,1736063513944769000,5991,608,5367
429,1736063507958245000,1736063507967935000,1736063508575741000,1736063508580609000,1736063514933300000,1736063514936942000,6978,607,6352
426,1736063507953737000,1736063507960714000,1736063508623807000,1736063508627015000,1736063515878494000,1736063515882629000,7928,663,7251
425,1736063507953129000,1736063507960098000,1736063508627551000,1736063508630375000,1736063515878494000,1736063515882626000,7929,667,7248
430,1736063517976268000,1736063517994602000,1736063518552705000,1736063518559406000,1736063519978714000,1736063519984907000,2008,558,1419
433,1736063517977700000,1736063517995807000,1736063518518712000,1736063518526122000,1736063520930178000,1736063520935100000,2957,522,2404
432,1736063517976441000,1736063517995377000,1736063518531084000,1736063518538441000,1736063520944295000,1736063520948878000,2972,535,2405
431,1736063517976284000,1736063517995520000,1736063518605548000,1736063518611049000,1736063521935412000,1736063521939773000,3963,610,3324
439,1736063517993659000,1736063518005349000,1736063518660159000,1736063518663138000,1736063522979301000,1736063522983020000,4989,654,4316
437,1736063517995180000,1736063518005553000,1736063518565381000,1736063518571767000,1736063523947788000,1736063523950647000,5955,559,5376
435,1736063517993060000,1736063518004647000,1736063518582458000,1736063518588938000,1736063524017045000,1736063524020249000,6027,577,5428
434,1736063517994803000,1736063518005086000,1736063518664795000,1736063518667958000,1736063525008751000,1736063525012730000,7017,659,6340
436,1736063517995125000,1736063518006080000,1736063518597609000,1736063518603689000,1736063525910602000,1736063525914469000,7919,591,7306
438,1736063517994660000,1736063518005226000,1736063518694555000,1736063518698179000,1736063526980574000,1736063526984673000,8990,689,8282
445,1736063528025224000,1736063528030637000,1736063531583277000,1736063531588057000,1736063532982924000,1736063532986339000,4961,3552,1394
441,1736063528007464000,1736063528028601000,1736063531673336000,1736063531678714000,1736063533034079000,1736063533037503000,5030,3644,1355
444,1736063528012522000,1736063528028361000,1736063531633720000,1736063531638918000,1736063533989894000,1736063533993146000,5980,3605,2350
442,1736063528008454000,1736063528026805000,1736063531580474000,1736063531586615000,1736063534990019000,1736063534994092000,6985,3553,3403
443,1736063528008571000,1736063528028384000,1736063531591163000,1736063531599588000,1736063536017965000,1736063536021128000,8012,3562,4418
440,1736063528007476000,1736063528028917000,1736063531648269000,1736063531653845000,1736063536056762000,1736063536060388000,8052,3619,4402
446,1736063528028799000,1736063528037630000,1736063531654856000,1736063531660243000,1736063537063883000,1736063537067197000,9038,3617,5403
448,1736063528029358000,1736063528038980000,1736063531711235000,1736063531715560000,1736063538063436000,1736063538068848000,10039,3672,6347
449,1736063528029156000,1736063528039625000,1736063531706818000,1736063531711233000,1736063539065633000,1736063539069472000,11040,3667,7354
447,1736063528028983000,1736063528038569000,1736063531711233000,1736063531715572000,1736063539102399000,1736063539106613000,11077,3672,7386
450,1736063538035951000,1736063538045952000,1736063538638929000,1736063538644802000,1736063540126692000,1736063540131885000,2095,592,1481
453,1736063538036528000,1736063538045920000,1736063538702015000,1736063538706816000,1736063541067812000,1736063541071624000,3035,656,2360
451,1736063538035229000,1736063538044394000,1736063538645372000,1736063538651445000,1736063542041451000,1736063542046384000,4011,600,3390
459,1736063538044655000,1736063538053850000,1736063538639738000,1736063538645812000,1736063542046384000,1736063542050397000,4005,585,3400
457,1736063538039265000,1736063538045855000,1736063538745119000,1736063538750757000,1736063543125056000,1736063543129139000,5089,699,4374
455,1736063538039270000,1736063538046470000,1736063538667718000,1736063538672262000,1736063544057954000,1736063544062071000,6022,621,5385
452,1736063538038171000,1736063538050695000,1736063538796924000,1736063538801448000,1736063545057191000,1736063545060271000,7022,746,6255
454,1736063538038737000,1736063538050608000,1736063538707667000,1736063538716604000,1736063545085215000,1736063545089286000,7050,657,6368
456,1736063538039085000,1736063538045759000,1736063538808820000,1736063538812514000,1736063546119151000,1736063546123326000,8084,763,7306
458,1736063538039645000,1736063538051364000,1736063538724876000,1736063538731349000,1736063547063364000,1736063547067735000,9028,673,8332
461,1736063548048944000,1736063548067164000,1736063548712935000,1736063548717201000,1736063550098933000,1736063550102818000,2053,645,1381
460,1736063548049208000,1736063548065663000,1736063548641064000,1736063548646951000,1736063550180340000,1736063550183494000,2134,575,1533
463,1736063548050095000,1736063548068187000,1736063548632554000,1736063548639033000,1736063551195343000,1736063551198944000,3148,564,2556
464,1736063548065959000,1736063548076277000,1736063548718687000,1736063548721906000,1736063552123176000,1736063552126403000,4060,642,3401
465,1736063548065844000,1736063548076277000,1736063548640613000,1736063548644597000,1736063553118176000,1736063553122431000,5056,564,4473
466,1736063548066775000,1736063548077135000,1736063548719851000,1736063548723347000,1736063553118179000,1736063553122399000,5055,642,4394
462,1736063548049107000,1736063548068822000,1736063548721778000,1736063548726305000,1736063554197222000,1736063554200728000,6151,652,5470
467,1736063548068405000,1736063548078460000,1736063548749103000,1736063548756154000,1736063555149401000,1736063555153147000,7084,670,6393
469,1736063548067948000,1736063548078401000,1736063548815538000,1736063548818743000,1736063556091021000,1736063556095021000,8027,737,7272
468,1736063548067956000,1736063548078796000,1736063548751034000,1736063548758762000,1736063556232011000,1736063556234988000,8167,672,7473
470,1736063558085870000,1736063558104893000,1736063558737677000,1736063558742411000,1736063560174425000,1736063560177341000,2091,632,1432
471,1736063558085867000,1736063558105166000,1736063558737532000,1736063558742410000,1736063560330997000,1736063560335695000,2249,632,1588
473,1736063558090584000,1736063558105185000,1736063558684850000,1736063558690012000,1736063561311876000,1736063561315424000,3224,579,2621
478,1736063558105308000,1736063558122417000,1736063558804437000,1736063558809083000,1736063562289045000,1736063562292757000,4187,682,3479
476,1736063558099819000,1736063558115633000,1736063558840078000,1736063558844833000,1736063563247331000,1736063563251415000,5151,724,4402
479,1736063558104464000,1736063558116427000,1736063558919766000,1736063558924362000,1736063563247319000,1736063563251417000,5146,803,4322
475,1736063558103596000,1736063558116225000,1736063558919769000,1736063558924363000,1736063564327004000,1736063564330048000,6226,803,5402
472,1736063558085854000,1736063558105740000,1736063558848688000,1736063558852660000,1736063565230510000,1736063565234647000,7148,742,6377
474,1736063558101612000,1736063558115384000,1736063558891453000,1736063558896326000,1736063566309514000,1736063566312840000,8211,776,7413
477,1736063558105176000,1736063558115087000,1736063559008327000,1736063559012494000,1736063566309513000,1736063566312848000,8207,893,7297
483,1736063568120247000,1736063568136432000,1736063568735270000,1736063568741064000,1736063570356638000,1736063570360282000,2240,598,1615
482,1736063568119434000,1736063568134348000,1736063568670004000,1736063568675248000,1736063570375717000,1736063570382820000,2263,535,1700
481,1736063568119163000,1736063568136967000,1736063568670001000,1736063568675262000,1736063571285278000,1736063571288555000,3169,533,2610
480,1736063568119130000,1736063568136432000,1736063568761854000,1736063568766932000,1736063572280972000,1736063572285409000,4166,625,3514
486,1736063568129357000,1736063568139681000,1736063568752053000,1736063568757113000,1736063573294869000,1736063573299167000,5169,612,4537
488,1736063568136815000,1736063568143276000,1736063568894302000,1736063568897778000,1736063573295415000,1736063573299173000,5162,751,4397
487,1736063568128171000,1736063568139435000,1736063568735537000,1736063568740635000,1736063574380703000,1736063574384523000,6256,596,5640
484,1736063568125267000,1736063568138741000,1736063568901699000,1736063568906326000,1736063575397909000,1736063575401069000,7275,762,6491
485,1736063568125932000,1736063568138728000,1736063568855180000,1736063568859722000,1736063576320360000,1736063576326207000,8200,716,7460
489,1736063568137338000,1736063568146372000,1736063568841681000,1736063568846212000,1736063576320360000,1736063576326176000,8188,695,7474
492,1736063578155250000,1736063578172284000,1736063578801160000,1736063578805454000,1736063580389968000,1736063580394408000,2239,628,1584
491,1736063578155567000,1736063578172235000,1736063578739989000,1736063578746162000,1736063580423221000,1736063580426311000,2270,567,1677
494,1736063578159221000,1736063578174865000,1736063578846144000,1736063578852581000,1736063581426570000,1736063581430358000,3271,671,2573
498,1736063578174393000,1736063578186188000,1736063578812383000,1736063578816890000,1736063582385861000,1736063582389158000,4214,626,3568
493,1736063578155250000,1736063578174736000,1736063578733610000,1736063578739934000,1736063582478371000,1736063582481589000,4326,558,3738
490,1736063578155361000,1736063578175378000,1736063578801665000,1736063578807925000,1736063583396221000,1736063583399636000,5244,626,4588
497,1736063578175229000,1736063578185380000,1736063578833555000,1736063578838297000,1736063584498478000,1736063584502528000,6327,648,5660
496,1736063578174082000,1736063578185293000,1736063578881560000,1736063578885485000,1736063585390011000,1736063585393686000,7219,696,6504
495,1736063578172627000,1736063578186954000,1736063578912859000,1736063578917758000,1736063585393686000,1736063585397731000,7225,725,6475
499,1736063578174366000,1736063578186524000,1736063578963181000,1736063578966879000,1736063586511636000,1736063586515208000,8340,776,7544
500,1736063588188845000,1736063588198228000,1736063588582011000,1736063588586362000,1736063589405271000,1736063589409111000,1220,383,818
